LEAID,LOCALE
0100199,43
0100208,43
0100300,43
0100510,43
0100690,43
0100720,43
0100900,43
0100960,43
0101260,43
0101950,43
0102130,43
0102250,43
0102310,43
0102670,43
0102820,43
0103090,43
0103480,43
0103510,43
0103540,43
0103580,43
0200001,43
0200003,43
0200004,43
0200005,43
0200007,43
0200010,43
0200020,43
0200030,43
0200050,43
0200060,43
0200070,43
0200090,43
0200100,43
0200120,43
0200270,43
0200300,43
0200330,43
0200360,43
0200390,43
0200450,43
0200485,43
0200520,43
0200525,43
0200540,43
0200610,43
0200625,43
0200630,43
0200660,43
0200670,43
0200680,43
0200690,43
0200700,43
0200710,43
0200715,43
0200720,43
0200730,43
0200760,43
0200770,43
0200775,43
0200780,43
0200810,43
0200840,43
0400005,43
0400022,43
0400023,43
0400026,43
0400154,43
0400480,43
0400607,43
0400612,43
0400630,43
0400750,43
0400870,43
0400910,43
0401000,43
0401160,43
0401230,43
0401260,43
0401290,43
0401330,43
0401810,43
0401920,43
0402190,43
0402220,43
0402490,43
0402600,43
0402760,43
0403200,43
0403290,43
0403310,43
0403550,43
0403660,43
0403730,43
0403900,43
0403950,43
0404920,43
0405730,43
0405760,43
0406120,43
0406150,43
0406510,43
0406740,43
0406850,43
0406870,43
0407380,43
0407430,43
0407630,43
0407680,43
0408430,43
0408880,43
0408910,43
0409120,43
0409540,43
0500020,43
0500021,43
0500022,43
0500030,43
0500032,43
0500041,43
0500061,43
0500071,43
0500072,43
0500076,43
0500079,43
0500405,43
0500432,43
0502670,43
0503300,43
0503420,43
0503770,43
0503840,43
0504350,43
0504410,43
0504560,43
0504890,43
0505340,43
0506150,43
0507110,43
0507230,43
0507620,43
0507710,43
0507740,43
0508240,43
0508490,43
0509480,43
0509510,43
0509570,43
0509600,43
0509720,43
0509990,43
0510200,43
0510320,43
0510920,43
0511070,43
0512090,43
0512420,43
0512480,43
0512930,43
0513560,43
0514490,43
0600009,43
0600018,43
0600031,43
0600038,43
0600155,43
0600159,43
0601325,43
0601331,43
0601424,43
0601467,43
0601644,43
0601752,43
0602281,43
0602337,43
0602488,43
0602543,43
0602730,43
0603090,43
0603610,43
0604560,43
0604860,43
0604890,43
0604950,43
0604980,43
0605010,43
0605190,43
0606000,43
0606510,43
0606580,43
0606960,43
0607260,43
0609240,43
0609665,43
0610680,43
0611100,43
0611430,43
0611870,43
0613860,43
0614040,43
0615990,43
0616530,43
0618270,43
0618810,43
0619170,43
0619230,43
0619920,43
0619950,43
0621960,43
0622440,43
0623550,43
0623730,43
0623940,43
0628830,43
0629190,43
0629770,43
0631230,43
0631830,43
0633720,43
0634050,43
0634080,43
0636240,43
0636420,43
0636810,43
0637470,43
0637590,43
0637630,43
0638070,43
0638520,43
0639750,43
0639840,43
0639940,43
0640680,43
0642300,43
0642580,43
0691044,43
0691090,43
0800001,43
0800013,43
0800017,43
0800018,43
0800019,43
0800229,43
0800234,43
0800262,43
0800277,43
0801980,43
0802010,43
0802040,43
0802130,43
0802220,43
0802260,43
0802520,43
0802760,43
0802850,43
0803120,43
0803150,43
0803210,43
0803270,43
0803300,43
0803420,43
0803510,43
0803630,43
0803840,43
0803930,43
0804110,43
0804140,43
0804290,43
0804320,43
0804440,43
0804560,43
0804590,43
0804620,43
0804680,43
0804710,43
0804740,43
0804890,43
0804980,43
0805040,43
0805070,43
0805100,43
0805160,43
0805280,43
0805340,43
0805460,43
0805580,43
0805610,43
0805670,43
0805700,43
0805850,43
0805880,43
0805910,43
0805940,43
0805970,43
0806000,43
0806030,43
0806090,43
0806180,43
0806210,43
0806300,43
0806360,43
0806390,43
0806420,43
0806510,43
0806570,43
0806600,43
0806630,43
0806720,43
0806780,43
0806870,43
0806930,43
0806990,43
0807050,43
0807110,43
0807200,43
0807260,43
0807290,43
0807410,43
0899080,43
0899180,43
0899280,43
1201020,43
1300090,43
1300218,43
1300750,43
1301200,43
1302370,43
1303660,43
1304680,43
1304800,43
1305070,43
1305250,43
1305580,43
1305730,43
1600010,43
1600138,43
1600150,43
1600192,43
1600193,43
1600240,43
1600330,43
1600490,43
1600540,43
1600570,43
1600630,43
1600720,43
1600750,43
1600810,43
1600840,43
1600900,43
1601170,43
1601230,43
1601620,43
1601900,43
1602030,43
1602060,43
1602160,43
1602400,43
1602430,43
1602490,43
1602610,43
1602700,43
1602730,43
1602760,43
1602820,43
1602940,43
1603030,43
1603120,43
1603180,43
1603210,43
1603270,43
1603400,43
1700004,43
1700114,43
1700125,43
1700176,43
1700265,43
1700293,43
1700329,43
1701381,43
1701387,43
1704440,43
1705460,43
1706600,43
1708220,43
1709400,43
1713500,43
1718200,43
1720790,43
1722770,43
1725680,43
1729700,43
1729730,43
1732280,43
1736610,43
1737230,43
1737830,43
1738490,43
1739090,43
1740410,43
1740740,43
1742660,43
1801740,43
1807710,43
1809360,43
1810470,43
1900006,43
1900023,43
1900024,43
1900025,43
1900026,43
1900028,43
1900031,43
1903060,43
1903090,43
1903780,43
1903850,43
1903960,43
1904080,43
1904560,43
1904620,43
1905490,43
1905750,43
1905940,43
1906840,43
1906900,43
1907110,43
1908070,43
1908130,43
1908610,43
1909060,43
1909570,43
1910340,43
1910690,43
1910980,43
1911250,43
1912230,43
1912480,43
1913110,43
1913230,43
1913320,43
1913380,43
1913440,43
1913660,43
1914880,43
1915660,43
1916110,43
1916320,43
1916420,43
1916620,43
1917880,43
1918030,43
1918120,43
1918480,43
1918630,43
1918930,43
1919200,43
1919590,43
1919740,43
1919770,43
1919860,43
1920830,43
1921210,43
1921600,43
1922440,43
1923190,43
1923340,43
1924150,43
1924960,43
1925050,43
1925380,43
1925620,43
1926280,43
1927270,43
1928020,43
1928110,43
1928980,43
1929280,43
1929580,43
1929730,43
1930560,43
1930720,43
1931290,43
1931830,43
1931920,43
1999001,43
1999005,43
2000007,43
2000012,43
2000013,43
2000020,43
2000023,43
2000028,43
2000029,43
2000030,43
2000040,43
2000046,43
2000346,43
2000347,43
2000349,43
2000353,43
2000369,43
2000370,43
2000382,43
2003390,43
2003430,43
2003510,43
2003570,43
2003960,43
2004020,43
2004080,43
2004140,43
2004230,43
2004380,43
2004410,43
2004470,43
2004500,43
2004560,43
2004770,43
2004790,43
2004800,43
2004950,43
2005040,43
2005190,43
2005250,43
2005280,43
2005310,43
2005370,43
2005400,43
2005520,43
2005550,43
2005700,43
2005760,43
2005790,43
2005850,43
2006000,43
2006210,43
2006510,43
2006630,43
2006690,43
2006720,43
2006780,43
2006870,43
2006990,43
2007080,43
2007110,43
2007260,43
2007470,43
2007500,43
2007530,43
2007680,43
2007750,43
2007800,43
2007860,43
2008100,43
2008130,43
2008190,43
2008220,43
2008250,43
2008280,43
2008310,43
2008610,43
2008700,43
2008790,43
2008880,43
2008910,43
2008940,43
2009060,43
2009090,43
2009420,43
2009450,43
2009480,43
2009570,43
2009600,43
2009630,43
2009660,43
2009720,43
2009850,43
2009930,43
2010050,43
2010080,43
2010170,43
2010290,43
2010350,43
2010470,43
2010590,43
2010740,43
2010770,43
2010950,43
2011040,43
2011190,43
2011280,43
2011400,43
2011520,43
2011610,43
2011790,43
2011820,43
2011880,43
2011910,43
2011970,43
2012060,43
2012090,43
2012120,43
2012150,43
2012450,43
2012630,43
2012780,43
2012810,43
2012900,43
2013110,43
2100210,43
2100960,43
2101050,43
2101260,43
2101410,43
2101680,43
2102790,43
2102940,43
2103000,43
2103120,43
2103270,43
2103360,43
2103390,43
2103750,43
2103840,43
2103990,43
2104080,43
2104140,43
2104200,43
2104290,43
2104470,43
2104620,43
2105040,43
2105160,43
2105970,43
2200210,43
2200360,43
2200420,43
2200960,43
2201320,43
2201710,43
2201830,43
2201950,43
2300004,43
2300005,43
2300052,43
2300058,43
2300059,43
2300061,43
2300062,43
2300065,43
2300067,43
2300068,43
2302280,43
2302880,43
2302950,43
2302960,43
2302980,43
2303390,43
2303480,43
2303600,43
2303610,43
2303980,43
2303990,43
2304110,43
2304160,43
2304500,43
2304650,43
2304830,43
2304880,43
2304895,43
2304900,43
2305160,43
2305360,43
2305380,43
2305980,43
2306160,43
2306250,43
2306330,43
2306600,43
2306780,43
2306870,43
2306900,43
2307100,43
2307110,43
2307200,43
2307440,43
2307590,43
2307710,43
2307770,43
2307800,43
2307980,43
2308340,43
2308400,43
2308580,43
2308760,43
2308940,43
2309090,43
2309100,43
2309240,43
2309560,43
2309650,43
2309810,43
2309990,43
2310140,43
2310320,43
2310620,43
2310650,43
2310680,43
2310830,43
2311010,43
2311100,43
2311220,43
2311280,43
2311310,43
2311430,43
2311580,43
2311610,43
2311670,43
2311730,43
2311850,43
2311910,43
2312100,43
2312140,43
2312180,43
2312300,43
2312960,43
2313070,43
2313080,43
2313500,43
2313710,43
2313740,43
2314300,43
2314410,43
2314761,43
2314777,43
2314803,43
2314806,43
2314810,43
2314811,43
2314814,43
2314818,43
2314825,43
2314835,43
2314836,43
2314838,43
2314839,43
2600007,43
2600014,43
2600018,43
2600019,43
2600103,43
2600269,43
2600966,43
2600980,43
2601028,43
2601092,43
2601104,43
2601107,43
2601120,43
2602040,43
2603270,43
2603570,43
2603600,43
2603810,43
2603990,43
2604020,43
2604320,43
2604350,43
2604620,43
2604950,43
2605690,43
2607470,43
2608010,43
2608130,43
2608280,43
2608400,43
2608610,43
2609560,43
2610560,43
2611190,43
2611970,43
2612960,43
2613090,43
2613140,43
2613560,43
2614690,43
2614790,43
2615600,43
2616020,43
2616560,43
2617370,43
2618360,43
2619170,43
2620010,43
2620400,43
2621420,43
2622350,43
2622800,43
2622860,43
2623670,43
2624000,43
2625920,43
2626400,43
2626550,43
2627180,43
2628200,43
2629130,43
2629190,43
2629220,43
2629580,43
2630480,43
2633000,43
2634920,43
2635040,43
2635130,43
2635340,43
2635790,43
2635850,43
2636240,43
2636390,43
2636480,43
2680260,43
2680420,43
2700005,43
2700019,43
2700023,43
2700038,43
2700039,43
2700088,43
2700089,43
2700090,43
2700101,43
2700103,43
2700104,43
2700107,43
2700110,43
2700125,43
2700126,43
2700127,43
2700132,43
2700139,43
2700150,43
2700163,43
2700183,43
2700218,43
2700255,43
2700256,43
2700275,43
2700290,43
2700293,43
2700294,43
2700300,43
2700321,43
2700326,43
2700339,43
2700372,43
2700385,43
2700417,43
2700479,43
2700480,43
2700484,43
2702730,43
2702910,43
2703300,43
2703540,43
2703570,43
2703750,43
2705430,43
2705660,43
2705730,43
2705760,43
2707110,43
2707450,43
2707470,43
2708070,43
2708940,43
2709540,43
2709690,43
2710090,43
2711085,43
2711220,43
2711460,43
2711910,43
2712210,43
2712300,43
2712480,43
2712580,43
2713020,43
2713110,43
2713680,43
2713860,43
2713890,43
2713930,43
2714010,43
2714070,43
2715510,43
2715540,43
2716830,43
2717010,43
2717120,43
2717460,43
2717570,43
2717880,43
2717910,43
2717940,43
2718060,43
2718270,43
2718540,43
2718660,43
2718920,43
2718960,43
2719170,43
2720580,43
2721270,43
2723550,43
2725050,43
2728110,43
2728170,43
2728200,43
2728960,43
2728970,43
2730450,43
2730510,43
2730870,43
2732460,43
2732700,43
2732970,43
2733390,43
2733720,43
2741060,43
2741430,43
2741850,43
2742120,43
2742330,43
2791446,43
2791447,43
2791449,43
2791450,43
2800185,43
2800195,43
2800420,43
2800870,43
2800990,43
2801020,43
2801140,43
2801380,43
2801440,43
2801530,43
2801590,43
2802220,43
2802310,43
2802490,43
2803270,43
2803720,43
2803780,43
2803960,43
2804020,43
2804260,43
2804380,43
2804440,43
2804560,43
2804590,43
2804650,43
2804710,43
2900001,43
2902970,43
2903060,43
2903120,43
2904140,43
2904170,43
2905190,43
2905610,43
2905820,43
2905850,43
2906000,43
2906030,43
2906170,43
2906450,43
2907080,43
2908340,43
2908730,43
2909750,43
2909810,43
2909900,43
2910200,43
2910230,43
2910260,43
2910920,43
2910950,43
2911010,43
2911100,43
2911280,43
2911450,43
2911760,43
2912600,43
2912660,43
2912690,43
2912720,43
2912840,43
2912870,43
2913230,43
2913320,43
2913380,43
2913500,43
2913590,43
2913770,43
2914280,43
2914310,43
2914320,43
2914520,43
2914840,43
2915240,43
2915270,43
2915300,43
2915330,43
2915420,43
2915510,43
2915630,43
2916380,43
2916530,43
2916620,43
2916950,43
2918450,43
2918460,43
2918600,43
2919140,43
2919380,43
2919840,43
2919950,43
2919980,43
2920280,43
2920340,43
2920640,43
2920700,43
2920750,43
2920820,43
2920840,43
2920940,43
2921210,43
2921360,43
2921480,43
2921540,43
2921690,43
2921720,43
2921750,43
2921880,43
2922110,43
2922470,43
2922560,43
2922770,43
2922920,43
2923270,43
2923370,43
2923400,43
2923530,43
2923670,43
2925080,43
2925140,43
2925210,43
2925590,43
2925640,43
2925650,43
2925710,43
2926040,43
2926550,43
2926580,43
2926790,43
2926940,43
2927520,43
2927660,43
2928110,43
2928140,43
2928170,43
2928470,43
2928590,43
2929340,43
2929520,43
2929580,43
2929610,43
2929730,43
2929810,43
2929880,43
2929940,43
2930300,43
2930390,43
2930750,43
2930840,43
2931460,43
2931920,43
2932070,43
2932220,43
2932300,43
2932490,43
3000001,43
3000002,43
3000004,43
3000006,43
3000007,43
3000008,43
3000011,43
3000012,43
3000013,43
3000014,43
3000015,43
3000018,43
3000021,43
3000022,43
3000026,43
3000034,43
3000036,43
3000037,43
3000039,43
3000041,43
3000046,43
3000048,43
3000049,43
3000050,43
3000051,43
3000054,43
3000057,43
3000058,43
3000062,43
3000063,43
3000066,43
3000070,43
3000072,43
3000073,43
3000074,43
3000075,43
3000077,43
3000078,43
3000079,43
3000080,43
3000082,43
3000084,43
3000085,43
3000090,43
3000093,43
3000095,43
3000096,43
3000097,43
3000098,43
3000099,43
3000101,43
3000102,43
3000652,43
3000654,43
3000932,43
3000933,43
3001710,43
3001740,43
3001950,43
3002300,43
3002430,43
3002450,43
3002490,43
3002550,43
3002570,43
3002640,43
3002730,43
3002820,43
3003000,43
3003270,43
3003600,43
3003660,43
3003750,43
3003800,43
3003820,43
3003840,43
3003990,43
3004050,43
3004200,43
3004380,43
3004440,43
3004500,43
3004800,43
3004860,43
3004980,43
3005010,43
3005040,43
3005330,43
3005550,43
3005610,43
3006030,43
3006112,43
3006115,43
3006260,43
3006270,43
3006320,43
3006330,43
3006790,43
3006810,43
3007030,43
3007050,43
3007080,43
3007190,43
3007200,43
3007350,43
3007830,43
3007860,43
3007950,43
3007980,43
3008010,43
3008040,43
3008130,43
3008280,43
3008400,43
3008730,43
3008850,43
3008860,43
3009000,43
3009120,43
3009180,43
3009210,43
3009330,43
3009510,43
3009670,43
3009780,43
3009930,43
3010080,43
3010140,43
3010170,43
3010800,43
3010820,43
3011160,43
3011190,43
3011240,43
3011260,43
3011340,43
3011420,43
3011460,43
3011550,43
3011580,43
3011650,43
3011730,43
3011820,43
3011850,43
3011880,43
3011990,43
3012060,43
3012210,43
3012300,43
3012350,43
3012570,43
3012600,43
3012840,43
3012900,43
3012960,43
3012990,43
3013140,43
3013200,43
3013280,43
3013395,43
3013400,43
3013470,43
3013530,43
3013660,43
3013890,43
3014150,43
3014340,43
3014370,43
3014430,43
3014640,43
3014760,43
3015060,43
3015120,43
3015340,43
3015360,43
3015390,43
3015510,43
3015690,43
3015900,43
3015930,43
3015990,43
3016020,43
3016050,43
3016290,43
3016710,43
3016770,43
3016810,43
3017010,43
3017040,43
3017340,43
3017370,43
3017460,43
3017580,43
3017700,43
3018060,43
3018170,43
3018210,43
3018240,43
3018270,43
3018290,43
3018870,43
3018900,43
3019170,43
3019310,43
3019500,43
3019530,43
3019740,43
3019950,43
3020170,43
3020240,43
3020690,43
3020850,43
3020880,43
3020960,43
3021000,43
3021030,43
3021150,43
3021870,43
3021900,43
3022080,43
3022110,43
3022230,43
3022260,43
3022290,43
3022370,43
3022410,43
3022710,43
3022750,43
3022790,43
3022800,43
3022920,43
3023040,43
3023070,43
3023160,43
3023340,43
3023370,43
3023400,43
3023520,43
3023550,43
3023670,43
3023730,43
3024150,43
3024180,43
3024330,43
3024930,43
3024990,43
3025320,43
3025470,43
3025500,43
3025530,43
3025560,43
3025950,43
3026070,43
3026100,43
3026160,43
3026190,43
3026400,43
3026460,43
3026490,43
3026520,43
3026550,43
3026580,43
3026640,43
3026670,43
3026730,43
3027060,43
3027090,43
3027340,43
3027630,43
3027730,43
3027810,43
3027840,43
3027930,43
3028020,43
3028140,43
3028170,43
3028380,43
3028470,43
3028500,43
3028550,43
3028770,43
3028800,43
3028830,43
3028910,43
3028911,43
3100004,43
3100008,43
3100012,43
3100015,43
3100018,43
3100023,43
3100024,43
3100025,43
3100029,43
3100065,43
3100066,43
3100067,43
3100070,43
3100071,43
3100072,43
3100073,43
3100076,43
3100077,43
3100080,43
3100082,43
3100090,43
3100091,43
3100096,43
3100097,43
3100099,43
3100105,43
3100109,43
3100110,43
3100111,43
3100114,43
3100117,43
3100118,43
3100122,43
3100123,43
3100124,43
3100125,43
3100129,43
3100130,43
3100132,43
3100133,43
3100134,43
3100140,43
3100154,43
3100157,43
3100163,43
3100170,43
3100172,43
3100176,43
3100179,43
3100183,43
3100184,43
3100185,43
3100187,43
3100189,43
3102790,43
3102820,43
3103060,43
3103090,43
3103120,43
3103210,43
3103440,43
3104020,43
3104140,43
3104200,43
3104290,43
3104640,43
3105010,43
3105160,43
3105280,43
3105520,43
3105550,43
3105630,43
3105910,43
3109120,43
3170050,43
3170140,43
3170220,43
3170800,43
3171520,43
3171610,43
3171730,43
3172150,43
3172210,43
3172480,43
3172570,43
3172720,43
3172780,43
3172910,43
3173090,43
3173120,43
3173210,43
3173230,43
3173440,43
3173560,43
3173600,43
3173660,43
3174040,43
3174220,43
3174340,43
3174370,43
3174640,43
3174940,43
3175000,43
3175030,43
3175330,43
3175360,43
3175390,43
3175510,43
3175570,43
3175690,43
3175810,43
3175930,43
3175960,43
3175990,43
3176170,43
3176380,43
3176400,43
3176410,43
3176590,43
3176650,43
3176800,43
3176980,43
3177100,43
3177340,43
3177520,43
3177730,43
3178120,43
3178260,43
3178450,43
3178670,43
3178990,43
3180080,43
3180170,43
3200150,43
3200180,43
3200270,43
3200420,43
3300015,43
3300034,43
3301710,43
3301830,43
3302370,43
3302400,43
3302430,43
3302510,43
3302940,43
3303120,43
3303660,43
3304170,43
3304260,43
3304650,43
3304960,43
3305400,43
3305670,43
3305700,43
3306330,43
3306360,43
3306450,43
3306600,43
3306870,43
3306910,43
3306990,43
3399907,43
3399923,43
3399945,43
3399958,43
3399967,43
3500001,43
3500090,43
3500143,43
3500174,43
3500176,43
3500270,43
3500330,43
3500420,43
3500480,43
3500510,43
3500540,43
3500630,43
3500660,43
3500720,43
3500790,43
3500810,43
3500840,43
3500930,43
3501020,43
3501050,43
3501110,43
3501140,43
3501200,43
3501230,43
3501290,43
3501320,43
3501350,43
3501380,43
3501590,43
3501620,43
3501770,43
3501800,43
3501830,43
3501860,43
3501920,43
3501950,43
3501980,43
3502040,43
3502130,43
3502160,43
3502220,43
3502280,43
3502340,43
3502490,43
3502550,43
3502730,43
3600003,43
3600007,43
3603060,43
3604350,43
3607080,43
3607440,43
3607710,43
3611070,43
3612120,43
3615270,43
3615330,43
3615720,43
3616140,43
3616530,43
3617760,43
3618090,43
3618510,43
3620730,43
3621250,43
3621260,43
3623130,43
3624090,43
3624120,43
3625020,43
3625110,43
3626130,43
3627330,43
3627990,43
3628020,43
3628800,43
3630450,43
3680380,43
3700021,43
3700120,43
3700448,43
3700780,43
3700870,43
3701770,43
3702280,43
3704590,43
3704740,43
3800016,43
3800017,43
3800018,43
3800023,43
3800024,43
3800027,43
3800029,43
3800033,43
3800039,43
3800040,43
3800041,43
3800042,43
3800043,43
3800045,43
3800046,43
3800047,43
3800048,43
3800049,43
3800050,43
3800053,43
3800054,43
3800055,43
3800056,43
3800057,43
3800058,43
3800059,43
3800060,43
3800061,43
3800389,43
3800390,43
3800395,43
3800397,43
3800401,43
3800404,43
3800825,43
3801760,43
3801950,43
3802170,43
3802240,43
3802380,43
3802530,43
3802840,43
3803060,43
3803090,43
3803200,43
3803590,43
3804560,43
3805160,43
3805340,43
3805460,43
3805850,43
3805950,43
3806090,43
3806210,43
3806690,43
3806910,43
3806930,43
3807200,43
3807590,43
3807830,43
3807950,43
3808460,43
3808610,43
3808710,43
3808890,43
3809130,43
3809180,43
3809410,43
3809570,43
3809810,43
3810180,43
3810260,43
3810270,43
3810500,43
3810600,43
3810740,43
3810810,43
3810980,43
3811140,43
3811430,43
3811610,43
3811700,43
3811850,43
3812020,43
3812120,43
3812350,43
3812430,43
3812540,43
3812660,43
3812930,43
3812990,43
3813230,43
3813400,43
3813440,43
3813510,43
3813710,43
3813920,43
3814290,43
3814500,43
3814520,43
3814940,43
3816050,43
3816090,43
3816430,43
3816510,43
3816980,43
3817040,43
3817460,43
3817520,43
3817570,43
3817670,43
3818500,43
3818600,43
3818660,43
3819260,43
3819290,43
3819470,43
3819680,43
3820130,43
3820190,43
3820310,43
3820340,43
3820400,43
3880160,43
3880180,43
3880200,43
3880240,43
3880250,43
3880260,43
3880310,43
3880340,43
3880420,43
3880480,43
3880520,43
3904915,43
3904951,43
4000013,43
4000014,43
4000015,43
4000020,43
4000048,43
4000051,43
4000065,43
4000068,43
4000069,43
4000071,43
4000094,43
4000757,43
4000795,43
4002580,43
4002720,43
4002760,43
4003060,43
4003240,43
4003300,43
4003360,43
4003510,43
4003660,43
4003750,43
4003930,43
4004360,43
4004860,43
4005040,43
4005760,43
4005820,43
4005910,43
4006270,43
4006390,43
4006420,43
4006480,43
4006630,43
4007410,43
4007500,43
4007800,43
4008130,43
4008310,43
4008730,43
4008790,43
4009090,43
4010260,43
4010860,43
4011040,43
4011160,43
4011280,43
4011400,43
4011430,43
4011580,43
4011880,43
4012000,43
4012060,43
4012180,43
4012300,43
4012420,43
4012570,43
4012900,43
4013650,43
4013680,43
4013740,43
4013830,43
4014130,43
4014340,43
4014610,43
4014850,43
4015090,43
4015450,43
4015990,43
4016320,43
4016620,43
4016650,43
4016710,43
4017020,43
4017040,43
4017220,43
4017280,43
4017310,43
4017370,43
4018390,43
4018990,43
4019620,43
4019980,43
4020640,43
4021120,43
4022410,43
4022650,43
4022950,43
4023340,43
4023610,43
4023730,43
4024180,43
4024720,43
4024930,43
4025410,43
4025500,43
4025590,43
4025800,43
4025860,43
4025920,43
4026280,43
4026610,43
4026940,43
4027240,43
4027540,43
4027630,43
4027840,43
4028620,43
4028920,43
4028980,43
4029010,43
4029070,43
4029100,43
4029310,43
4029400,43
4029430,43
4029760,43
4029820,43
4029886,43
4030048,43
4030060,43
4030270,43
4030300,43
4030330,43
4030360,43
4030390,43
4030870,43
4031020,43
4031170,43
4031590,43
4031650,43
4031980,43
4032040,43
4032130,43
4032190,43
4032430,43
4032730,43
4032760,43
4032940,43
4033210,43
4033390,43
4033540,43
4033602,43
4033603,43
4100014,43
4100021,43
4100026,43
4100027,43
4100034,43
4100038,43
4100042,43
4100047,43
4100990,43
4101470,43
4101500,43
4101590,43
4101740,43
4102190,43
4102610,43
4103330,43
4103540,43
4103630,43
4104020,43
4104170,43
4104290,43
4104350,43
4104380,43
4104590,43
4104620,43
4105020,43
4105080,43
4105250,43
4105310,43
4105670,43
4106120,43
4106600,43
4106750,43
4106780,43
4106820,43
4106870,43
4106960,43
4107530,43
4107710,43
4108460,43
4108700,43
4108940,43
4109430,43
4109690,43
4109720,43
4109960,43
4110020,43
4110080,43
4110110,43
4111250,43
4111400,43
4111640,43
4111910,43
4112360,43
4112540,43
4112690,43
4112990,43
4113650,43
4202310,43
4206930,43
4208280,43
4210530,43
4217130,43
4217700,43
4219530,43
4220130,43
4221690,43
4225170,43
4280630,43
4289190,43
4503903,43
4600003,43
4600024,43
4600025,43
4600028,43
4600036,43
4600041,43
4600042,43
4600045,43
4600046,43
4600053,43
4601026,43
4601028,43
4602640,43
4603720,43
4603780,43
4603932,43
4604270,43
4606240,43
4606360,43
4607050,43
4607400,43
4607670,43
4607800,43
4609300,43
4609512,43
4611280,43
4611760,43
4612000,43
4612940,43
4614100,43
4617850,43
4619170,43
4619450,43
4619580,43
4620850,43
4621300,43
4621390,43
4621400,43
4621420,43
4622410,43
4622560,43
4622940,43
4624030,43
4624390,43
4625500,43
4626970,43
4629880,43
4630490,43
4630800,43
4632340,43
4632430,43
4634440,43
4634600,43
4636060,43
4636150,43
4638220,43
4639540,43
4639990,43
4640860,43
4641520,43
4641640,43
4644770,43
4646260,43
4646380,43
4647100,43
4647942,43
4650850,43
4651730,43
4651750,43
4652770,43
4654300,43
4655710,43
4660450,43
4663360,43
4665180,43
4670000,43
4670140,43
4671880,43
4672090,43
4672450,43
4674520,43
4675420,43
4675660,43
4676680,43
4676990,43
4677460,43
4678300,43
4678510,43
4678570,43
4679350,43
4680100,43
4680190,43
4680280,43
4680431,43
4680437,43
4680438,43
4680439,43
4680440,43
4680445,43
4680446,43
4700144,43
4700480,43
4700660,43
4700960,43
4701230,43
4701650,43
4702070,43
4702280,43
4703390,43
4703420,43
4704440,43
4800001,43
4800002,43
4800003,43
4800005,43
4800006,43
4800007,43
4800227,43
4807500,43
4807680,43
4809060,43
4809330,43
4809980,43
4810170,43
4810620,43
4810830,43
4810860,43
4810950,43
4811040,43
4811250,43
4811400,43
4811430,43
4811490,43
4811520,43
4811550,43
4811820,43
4811910,43
4811990,43
4812150,43
4813200,43
4813380,43
4813410,43
4813620,43
4813740,43
4813770,43
4813890,43
4813980,43
4814160,43
4814920,43
4815150,43
4815300,43
4815570,43
4815810,43
4815870,43
4815990,43
4816080,43
4816320,43
4816350,43
4816380,43
4816440,43
4816650,43
4816890,43
4817130,43
4817190,43
4817400,43
4817460,43
4818070,43
4818660,43
4818780,43
4818840,43
4818890,43
4819050,43
4819140,43
4819280,43
4819500,43
4819530,43
4819820,43
4820100,43
4820130,43
4820400,43
4820550,43
4820790,43
4821000,43
4821180,43
4821270,43
4821330,43
4821480,43
4821560,43
4821630,43
4821840,43
4821900,43
4821930,43
4821990,43
4822020,43
4822120,43
4822260,43
4822590,43
4822650,43
4822680,43
4822850,43
4822890,43
4823070,43
4823160,43
4823460,43
4824330,43
4824360,43
4824660,43
4824810,43
4824900,43
4825290,43
4825410,43
4825470,43
4825530,43
4825710,43
4825790,43
4825870,43
4825890,43
4826250,43
4826970,43
4827000,43
4827180,43
4827330,43
4827540,43
4827630,43
4827890,43
4827930,43
4827960,43
4828140,43
4828410,43
4828980,43
4829040,43
4829250,43
4829280,43
4829370,43
4829520,43
4829700,43
4829880,43
4829940,43
4830030,43
4830180,43
4830210,43
4830300,43
4830480,43
4830810,43
4831320,43
4831380,43
4831410,43
4831470,43
4831500,43
4831560,43
4831650,43
4831860,43
4831920,43
4831970,43
4832220,43
4832730,43
4832740,43
4832880,43
4832910,43
4833240,43
4833340,43
4833390,43
4833660,43
4833900,43
4833980,43
4834380,43
4834410,43
4834630,43
4835040,43
4835820,43
4835890,43
4836180,43
4836420,43
4836480,43
4836510,43
4837080,43
4837230,43
4837320,43
4837470,43
4838040,43
4838100,43
4838430,43
4838520,43
4838760,43
4839060,43
4839120,43
4839390,43
4839510,43
4839600,43
4839780,43
4839900,43
4840200,43
4840290,43
4840380,43
4840500,43
4841250,43
4841340,43
4841550,43
4841670,43
4841700,43
4841760,43
4841790,43
4842120,43
4842390,43
4842420,43
4842540,43
4842570,43
4842690,43
4842780,43
4842840,43
4843400,43
4843680,43
4843740,43
4843980,43
4844250,43
4844310,43
4844370,43
4844520,43
4844810,43
4844890,43
4845180,43
4845240,43
4845420,43
4845450,43
4845570,43
4846350,43
4846410,43
4846590,43
4846650,43
4846740,43
4899130,43
4900180,43
4900300,43
4900780,43
4900840,43
4900900,43
4901170,43
5000015,43
5000016,43
5000017,43
5000018,43
5000019,43
5000024,43
5000384,43
5000400,43
5000414,43
5000415,43
5000417,43
5000423,43
5000426,43
5000429,43
5000432,43
5000436,43
5000437,43
5000438,43
5000444,43
5000449,43
5002610,43
5002850,43
5002940,43
5003390,43
5005220,43
5006450,43
5007710,43
5008224,43
5008242,43
5008243,43
5009000,43
5009270,43
5009330,43
5099906,43
5099919,43
5099920,43
5099927,43
5099928,43
5099930,43
5099934,43
5099935,43
5099936,43
5099946,43
5100029,43
5100060,43
5100083,43
5100330,43
5100510,43
5100540,43
5100750,43
5101080,43
5101140,43
5101690,43
5101950,43
5102160,43
5102310,43
5102710,43
5300002,43
5300090,43
5300450,43
5300510,43
5300690,43
5300720,43
5300840,43
5301260,43
5301380,43
5301560,43
5301830,43
5301860,43
5301890,43
5301920,43
5302520,43
5302730,43
5303000,43
5303030,43
5303130,43
5303360,43
5303440,43
5303780,43
5303870,43
5304080,43
5304150,43
5304290,43
5304410,43
5304710,43
5305020,43
5305190,43
5305250,43
5305520,43
5305550,43
5305820,43
5305880,43
5305970,43
5306120,43
5306270,43
5306360,43
5306420,43
5306540,43
5306600,43
5306660,43
5307050,43
5307260,43
5307380,43
5307530,43
5307620,43
5307650,43
5307800,43
5308280,43
5308310,43
5308400,43
5308430,43
5308580,43
5308730,43
5308790,43
5308940,43
5309060,43
5309240,43
5309570,43
5309750,43
5309840,43
5309900,43
5400120,43
5400210,43
5400270,43
5400810,43
5401140,43
5401410,43
5401530,43
5500033,43
5500058,43
5500060,43
5500180,43
5500240,43
5500750,43
5500900,43
5501170,43
5501530,43
5501560,43
5501920,43
5502910,43
5502970,43
5503090,43
5503150,43
5503810,43
5503860,43
5504170,43
5504350,43
5504620,43
5504860,43
5504980,43
5505220,43
5505280,43
5505520,43
5505580,43
5505640,43
5505670,43
5505730,43
5505970,43
5506420,43
5506480,43
5506870,43
5507560,43
5507830,43
5508250,43
5508280,43
5508970,43
5509150,43
5509630,43
5509690,43
5509720,43
5509870,43
5510230,43
5510350,43
5510770,43
5511310,43
5511710,43
5511730,43
5511790,43
5511820,43
5511880,43
5512030,43
5512180,43
5512210,43
5512300,43
5512540,43
5512780,43
5513470,43
5513890,43
5514700,43
5514850,43
5515060,43
5515390,43
5515570,43
5515930,43
5516230,43
5516440,43
5516590,43
5516650,43
5516860,43
5517130,43
5517160,43
5601090,43
5601260,43
5601420,43
5601460,43
5601700,43
5602370,43
5602670,43
5602820,43
5602830,43
5603170,43
5603180,43
5604060,43
5604230,43
5604260,43
5604380,43
5604450,43
5604500,43
5604860,43
5605680,43
5605700,43
5605820,43
5606090,43
5900025,43
5900026,43
5900027,43
5900029,43
5900030,43
5900032,43
5900035,43
5900038,43
5900041,43
5900042,43
5900043,43
5900044,43
5900045,43
5900046,43
5900048,43
5900050,43
5900052,43
5900055,43
5900056,43
5900062,43
5900064,43
5900065,43
5900067,43
5900068,43
5900070,43
5900071,43
5900072,43
5900073,43
5900075,43
5900076,43
5900077,43
5900079,43
5900082,43
5900084,43
5900085,43
5900086,43
5900087,43
5900088,43
5900089,43
5900091,43
5900092,43
5900094,43
5900098,43
5900099,43
5900102,43
5900106,43
5900108,43
5900109,43
5900110,43
5900111,43
5900112,43
5900113,43
5900117,43
5900118,43
5900121,43
5900122,43
5900124,43
5900125,43
5900127,43
5900128,43
5900129,43
5900131,43
5900134,43
5900136,43
5900137,43
5900139,43
5900143,43
5900144,43
5900145,43
5900148,43
5900149,43
5900150,43
5900152,43
5900153,43
5900154,43
5900155,43
5900156,43
5900158,43
5900159,43
5900161,43
5900165,43
5900166,43
5900167,43
5900168,43
5900169,43
5900170,43
5900171,43
5900173,43
5900175,43
5900177,43
5900179,43
5900180,43
5900181,43
5900182,43
5900183,43
5900184,43
5900187,43
5900188,43
5900189,43
5900190,43
5900193,43
5900195,43